<?xml version="1.0" encoding="UTF-8" standalone="yes"?>
<ns2:ExportManifest xmlns:ns2="http://www.pentaho.com/schema/">
    <ExportManifestInformation exportDate="22-03-2019 03:37:20 CLT" exportBy="admin" rootFolder="/public/" manifestVersion="2"/>
    <ExportManifestEntity path="D3Maps">
        <ExportManifestProperty>
            <EntityMetaData name="D3Maps" createdDate="2018-10-25T09:45:59.471-03:00" isFolder="true" path="D3Maps" isHidden="false" isSchedulable="true" locale="en_US" title="D3Maps"/>
        </ExportManifestProperty>
        <ExportManifestProperty>
            <EntityAcl>
                <entriesInheriting>true</entriesInheriting>
                <owner>admin</owner>
                <ownerType>USER</ownerType>
            </EntityAcl>
        </ExportManifestProperty>
    </ExportManifestEntity>
    <ExportManifestEntity path="D3Maps/MapaChileSinConexiones.cdfde">
        <ExportManifestProperty>
            <EntityMetaData name="MapaChileSinConexiones.cdfde" createdDate="2019-03-22T15:30:27.421-03:00" isFolder="false" path="D3Maps/MapaChileSinConexiones.cdfde" isHidden="false" isSchedulable="true" locale="en_US" title="MapaChileSinConexiones.cdfde"/>
        </ExportManifestProperty>
        <ExportManifestProperty>
            <EntityAcl>
                <entriesInheriting>true</entriesInheriting>
                <owner>admin</owner>
                <ownerType>USER</ownerType>
            </EntityAcl>
        </ExportManifestProperty>
    </ExportManifestEntity>
    <ExportManifestEntity path="D3Maps/MapaChileSinConexiones.wcdf">
        <ExportManifestProperty>
            <EntityMetaData name="MapaChileSinConexiones.wcdf" createdDate="2019-03-22T15:30:27.367-03:00" isFolder="false" path="D3Maps/MapaChileSinConexiones.wcdf" isHidden="false" isSchedulable="true" locale="en_US" description="MapaChile" title="MapaChileSinConexiones"/>
        </ExportManifestProperty>
        <ExportManifestProperty>
            <EntityAcl>
                <entriesInheriting>true</entriesInheriting>
                <owner>admin</owner>
                <ownerType>USER</ownerType>
            </EntityAcl>
        </ExportManifestProperty>
    </ExportManifestEntity>
    <ExportManifestEntity path="D3Maps/js">
        <ExportManifestProperty>
            <EntityMetaData name="js" createdDate="2018-10-25T09:48:06.129-03:00" isFolder="true" path="D3Maps/js" isHidden="false" isSchedulable="true" locale="en_US" title="js"/>
        </ExportManifestProperty>
        <ExportManifestProperty>
            <EntityAcl>
                <entriesInheriting>true</entriesInheriting>
                <owner>admin</owner>
                <ownerType>USER</ownerType>
            </EntityAcl>
        </ExportManifestProperty>
    </ExportManifestEntity>
    <ExportManifestEntity path="D3Maps/js/d3.v3.min.js">
        <ExportManifestProperty>
            <EntityMetaData name="d3.v3.min.js" createdDate="2018-10-25T09:48:17.561-03:00" isFolder="false" path="D3Maps/js/d3.v3.min.js" isHidden="true" isSchedulable="true" locale="en_US" title="d3.v3.min.js"/>
        </ExportManifestProperty>
        <ExportManifestProperty>
            <EntityAcl>
                <entriesInheriting>true</entriesInheriting>
                <owner>admin</owner>
                <ownerType>USER</ownerType>
            </EntityAcl>
        </ExportManifestProperty>
    </ExportManifestEntity>
    <ExportManifestEntity path="D3Maps/js/queue.v1.min.js">
        <ExportManifestProperty>
            <EntityMetaData name="queue.v1.min.js" createdDate="2018-10-30T15:04:16.562-03:00" isFolder="false" path="D3Maps/js/queue.v1.min.js" isHidden="true" isSchedulable="true" locale="en_US" title="queue.v1.min.js"/>
        </ExportManifestProperty>
        <ExportManifestProperty>
            <EntityAcl>
                <entriesInheriting>true</entriesInheriting>
                <owner>admin</owner>
                <ownerType>USER</ownerType>
            </EntityAcl>
        </ExportManifestProperty>
    </ExportManifestEntity>
    <ExportManifestEntity path="D3Maps/js/rainbowvis.js">
        <ExportManifestProperty>
            <EntityMetaData name="rainbowvis.js" createdDate="2018-10-30T10:44:39.199-03:00" isFolder="false" path="D3Maps/js/rainbowvis.js" isHidden="true" isSchedulable="true" locale="en_US" title="rainbowvis.js"/>
        </ExportManifestProperty>
        <ExportManifestProperty>
            <EntityAcl>
                <entriesInheriting>true</entriesInheriting>
                <owner>admin</owner>
                <ownerType>USER</ownerType>
            </EntityAcl>
        </ExportManifestProperty>
    </ExportManifestEntity>
    <ExportManifestEntity path="D3Maps/js/topojson.v1.min.js">
        <ExportManifestProperty>
            <EntityMetaData name="topojson.v1.min.js" createdDate="2018-10-25T09:48:26.289-03:00" isFolder="false" path="D3Maps/js/topojson.v1.min.js" isHidden="true" isSchedulable="true" locale="en_US" title="topojson.v1.min.js"/>
        </ExportManifestProperty>
        <ExportManifestProperty>
            <EntityAcl>
                <entriesInheriting>true</entriesInheriting>
                <owner>admin</owner>
                <ownerType>USER</ownerType>
            </EntityAcl>
        </ExportManifestProperty>
    </ExportManifestEntity>
    <ExportManifestEntity path="D3Maps/js/uk.json">
        <ExportManifestProperty>
            <EntityMetaData name="uk.json" createdDate="2018-10-25T15:00:55.866-03:00" isFolder="false" path="D3Maps/js/uk.json" isHidden="false" isSchedulable="true" locale="en_US" title="uk.json"/>
        </ExportManifestProperty>
        <ExportManifestProperty>
            <EntityAcl>
                <entriesInheriting>true</entriesInheriting>
                <owner>admin</owner>
                <ownerType>USER</ownerType>
            </EntityAcl>
        </ExportManifestProperty>
    </ExportManifestEntity>
    <ExportManifestEntity path="D3Maps/pe-icon-7-stroke">
        <ExportManifestProperty>
            <EntityMetaData name="pe-icon-7-stroke" createdDate="2018-10-31T14:12:50.435-03:00" isFolder="true" path="D3Maps/pe-icon-7-stroke" isHidden="false" isSchedulable="true" locale="en_US" title="pe-icon-7-stroke"/>
        </ExportManifestProperty>
        <ExportManifestProperty>
            <EntityAcl>
                <entriesInheriting>true</entriesInheriting>
                <owner>admin</owner>
                <ownerType>USER</ownerType>
            </EntityAcl>
        </ExportManifestProperty>
    </ExportManifestEntity>
    <ExportManifestEntity path="D3Maps/pe-icon-7-stroke/css">
        <ExportManifestProperty>
            <EntityMetaData name="css" createdDate="2018-10-31T14:12:59.704-03:00" isFolder="true" path="D3Maps/pe-icon-7-stroke/css" isHidden="false" isSchedulable="true" locale="en_US" title="css"/>
        </ExportManifestProperty>
        <ExportManifestProperty>
            <EntityAcl>
                <entriesInheriting>true</entriesInheriting>
                <owner>admin</owner>
                <ownerType>USER</ownerType>
            </EntityAcl>
        </ExportManifestProperty>
    </ExportManifestEntity>
    <ExportManifestEntity path="D3Maps/pe-icon-7-stroke/css/helper.css">
        <ExportManifestProperty>
            <EntityMetaData name="helper.css" createdDate="2018-10-31T14:13:24.893-03:00" isFolder="false" path="D3Maps/pe-icon-7-stroke/css/helper.css" isHidden="true" isSchedulable="true" locale="en_US" title="helper.css"/>
        </ExportManifestProperty>
        <ExportManifestProperty>
            <EntityAcl>
                <entriesInheriting>true</entriesInheriting>
                <owner>admin</owner>
                <ownerType>USER</ownerType>
            </EntityAcl>
        </ExportManifestProperty>
    </ExportManifestEntity>
    <ExportManifestEntity path="D3Maps/pe-icon-7-stroke/css/pe-icon-7-stroke.css">
        <ExportManifestProperty>
            <EntityMetaData name="pe-icon-7-stroke.css" createdDate="2018-10-31T14:13:31.665-03:00" isFolder="false" path="D3Maps/pe-icon-7-stroke/css/pe-icon-7-stroke.css" isHidden="true" isSchedulable="true" locale="en_US" title="pe-icon-7-stroke.css"/>
        </ExportManifestProperty>
        <ExportManifestProperty>
            <EntityAcl>
                <entriesInheriting>true</entriesInheriting>
                <owner>admin</owner>
                <ownerType>USER</ownerType>
            </EntityAcl>
        </ExportManifestProperty>
    </ExportManifestEntity>
    <ExportManifestEntity path="D3Maps/pe-icon-7-stroke/fonts">
        <ExportManifestProperty>
            <EntityMetaData name="fonts" createdDate="2018-10-31T14:13:05.873-03:00" isFolder="true" path="D3Maps/pe-icon-7-stroke/fonts" isHidden="false" isSchedulable="true" locale="en_US" title="fonts"/>
        </ExportManifestProperty>
        <ExportManifestProperty>
            <EntityAcl>
                <entriesInheriting>true</entriesInheriting>
                <owner>admin</owner>
                <ownerType>USER</ownerType>
            </EntityAcl>
        </ExportManifestProperty>
    </ExportManifestEntity>
    <ExportManifestEntity path="D3Maps/pe-icon-7-stroke/fonts/Pe-icon-7-stroke.eot">
        <ExportManifestProperty>
            <EntityMetaData name="Pe-icon-7-stroke.eot" createdDate="2018-10-31T14:19:53.483-03:00" isFolder="false" path="D3Maps/pe-icon-7-stroke/fonts/Pe-icon-7-stroke.eot" isHidden="false" isSchedulable="true" locale="en_US" title="Pe-icon-7-stroke.eot"/>
        </ExportManifestProperty>
        <ExportManifestProperty>
            <EntityAcl>
                <entriesInheriting>true</entriesInheriting>
                <owner>admin</owner>
                <ownerType>USER</ownerType>
            </EntityAcl>
        </ExportManifestProperty>
    </ExportManifestEntity>
    <ExportManifestEntity path="D3Maps/pe-icon-7-stroke/fonts/Pe-icon-7-stroke.svg">
        <ExportManifestProperty>
            <EntityMetaData name="Pe-icon-7-stroke.svg" createdDate="2018-10-31T14:19:59.550-03:00" isFolder="false" path="D3Maps/pe-icon-7-stroke/fonts/Pe-icon-7-stroke.svg" isHidden="true" isSchedulable="true" locale="en_US" title="Pe-icon-7-stroke.svg"/>
        </ExportManifestProperty>
        <ExportManifestProperty>
            <EntityAcl>
                <entriesInheriting>true</entriesInheriting>
                <owner>admin</owner>
                <ownerType>USER</ownerType>
            </EntityAcl>
        </ExportManifestProperty>
    </ExportManifestEntity>
    <ExportManifestEntity path="D3Maps/pe-icon-7-stroke/fonts/Pe-icon-7-stroke.ttf">
        <ExportManifestProperty>
            <EntityMetaData name="Pe-icon-7-stroke.ttf" createdDate="2018-10-31T14:20:05.850-03:00" isFolder="false" path="D3Maps/pe-icon-7-stroke/fonts/Pe-icon-7-stroke.ttf" isHidden="false" isSchedulable="true" locale="en_US" title="Pe-icon-7-stroke.ttf"/>
        </ExportManifestProperty>
        <ExportManifestProperty>
            <EntityAcl>
                <entriesInheriting>true</entriesInheriting>
                <owner>admin</owner>
                <ownerType>USER</ownerType>
            </EntityAcl>
        </ExportManifestProperty>
    </ExportManifestEntity>
    <ExportManifestEntity path="D3Maps/pe-icon-7-stroke/fonts/Pe-icon-7-stroke.woff">
        <ExportManifestProperty>
            <EntityMetaData name="Pe-icon-7-stroke.woff" createdDate="2018-10-31T14:20:11.770-03:00" isFolder="false" path="D3Maps/pe-icon-7-stroke/fonts/Pe-icon-7-stroke.woff" isHidden="false" isSchedulable="true" locale="en_US" title="Pe-icon-7-stroke.woff"/>
        </ExportManifestProperty>
        <ExportManifestProperty>
            <EntityAcl>
                <entriesInheriting>true</entriesInheriting>
                <owner>admin</owner>
                <ownerType>USER</ownerType>
            </EntityAcl>
        </ExportManifestProperty>
    </ExportManifestEntity>
    <ExportManifestEntity path="D3Maps/resources">
        <ExportManifestProperty>
            <EntityMetaData name="resources" createdDate="2018-10-26T16:30:44.865-03:00" isFolder="true" path="D3Maps/resources" isHidden="false" isSchedulable="true" locale="en_US" title="resources"/>
        </ExportManifestProperty>
        <ExportManifestProperty>
            <EntityAcl>
                <entriesInheriting>true</entriesInheriting>
                <owner>admin</owner>
                <ownerType>USER</ownerType>
            </EntityAcl>
        </ExportManifestProperty>
    </ExportManifestEntity>
    <ExportManifestEntity path="D3Maps/resources/awselect.css">
        <ExportManifestProperty>
            <EntityMetaData name="awselect.css" createdDate="2018-11-08T15:56:54.835-03:00" isFolder="false" path="D3Maps/resources/awselect.css" isHidden="true" isSchedulable="true" locale="en_US" title="awselect.css"/>
        </ExportManifestProperty>
        <ExportManifestProperty>
            <EntityAcl>
                <entriesInheriting>true</entriesInheriting>
                <owner>admin</owner>
                <ownerType>USER</ownerType>
            </EntityAcl>
        </ExportManifestProperty>
    </ExportManifestEntity>
    <ExportManifestEntity path="D3Maps/resources/awselect.min.js">
        <ExportManifestProperty>
            <EntityMetaData name="awselect.min.js" createdDate="2018-11-08T15:56:42.802-03:00" isFolder="false" path="D3Maps/resources/awselect.min.js" isHidden="true" isSchedulable="true" locale="en_US" title="awselect.min.js"/>
        </ExportManifestProperty>
        <ExportManifestProperty>
            <EntityAcl>
                <entriesInheriting>true</entriesInheriting>
                <owner>admin</owner>
                <ownerType>USER</ownerType>
            </EntityAcl>
        </ExportManifestProperty>
    </ExportManifestEntity>
    <ExportManifestEntity path="D3Maps/resources/comunas-base.topo.json">
        <ExportManifestProperty>
            <EntityMetaData name="comunas-base.topo.json" createdDate="2018-10-29T18:02:34.610-03:00" isFolder="false" path="D3Maps/resources/comunas-base.topo.json" isHidden="false" isSchedulable="true" locale="en_US" title="comunas-base.topo.json"/>
        </ExportManifestProperty>
        <ExportManifestProperty>
            <EntityAcl>
                <entriesInheriting>true</entriesInheriting>
                <owner>admin</owner>
                <ownerType>USER</ownerType>
            </EntityAcl>
        </ExportManifestProperty>
    </ExportManifestEntity>
    <ExportManifestEntity path="D3Maps/resources/comunas-basev2.topo.json">
        <ExportManifestProperty>
            <EntityMetaData name="comunas-basev2.topo.json" createdDate="2018-10-30T10:19:28.309-03:00" isFolder="false" path="D3Maps/resources/comunas-basev2.topo.json" isHidden="false" isSchedulable="true" locale="en_US" title="comunas-basev2.topo.json"/>
        </ExportManifestProperty>
        <ExportManifestProperty>
            <EntityAcl>
                <entriesInheriting>true</entriesInheriting>
                <owner>admin</owner>
                <ownerType>USER</ownerType>
            </EntityAcl>
        </ExportManifestProperty>
    </ExportManifestEntity>
    <ExportManifestEntity path="D3Maps/resources/comunas-basev3.topo.json">
        <ExportManifestProperty>
            <EntityMetaData name="comunas-basev3.topo.json" createdDate="2018-10-30T11:01:30.920-03:00" isFolder="false" path="D3Maps/resources/comunas-basev3.topo.json" isHidden="false" isSchedulable="true" locale="en_US" title="comunas-basev3.topo.json"/>
        </ExportManifestProperty>
        <ExportManifestProperty>
            <EntityAcl>
                <entriesInheriting>true</entriesInheriting>
                <owner>admin</owner>
                <ownerType>USER</ownerType>
            </EntityAcl>
        </ExportManifestProperty>
    </ExportManifestEntity>
    <ExportManifestEntity path="D3Maps/resources/comunas-test.topo.json">
        <ExportManifestProperty>
            <EntityMetaData name="comunas-test.topo.json" createdDate="2018-10-29T16:34:52.541-03:00" isFolder="false" path="D3Maps/resources/comunas-test.topo.json" isHidden="false" isSchedulable="true" locale="en_US" title="comunas-test.topo.json"/>
        </ExportManifestProperty>
        <ExportManifestProperty>
            <EntityAcl>
                <entriesInheriting>true</entriesInheriting>
                <owner>admin</owner>
                <ownerType>USER</ownerType>
            </EntityAcl>
        </ExportManifestProperty>
    </ExportManifestEntity>
    <ExportManifestEntity path="D3Maps/resources/comunas-test2.topo.json">
        <ExportManifestProperty>
            <EntityMetaData name="comunas-test2.topo.json" createdDate="2018-10-29T16:37:33.727-03:00" isFolder="false" path="D3Maps/resources/comunas-test2.topo.json" isHidden="false" isSchedulable="true" locale="en_US" title="comunas-test2.topo.json"/>
        </ExportManifestProperty>
        <ExportManifestProperty>
            <EntityAcl>
                <entriesInheriting>true</entriesInheriting>
                <owner>admin</owner>
                <ownerType>USER</ownerType>
            </EntityAcl>
        </ExportManifestProperty>
    </ExportManifestEntity>
    <ExportManifestEntity path="D3Maps/resources/comunas-topov4.json">
        <ExportManifestProperty>
            <EntityMetaData name="comunas-topov4.json" createdDate="2018-11-05T13:29:02.007-03:00" isFolder="false" path="D3Maps/resources/comunas-topov4.json" isHidden="false" isSchedulable="true" locale="en_US" title="comunas-topov4.json"/>
        </ExportManifestProperty>
        <ExportManifestProperty>
            <EntityAcl>
                <entriesInheriting>true</entriesInheriting>
                <owner>admin</owner>
                <ownerType>USER</ownerType>
            </EntityAcl>
        </ExportManifestProperty>
    </ExportManifestEntity>
    <ExportManifestEntity path="D3Maps/resources/comunas.topo.json">
        <ExportManifestProperty>
            <EntityMetaData name="comunas.topo.json" createdDate="2018-10-26T16:31:00.233-03:00" isFolder="false" path="D3Maps/resources/comunas.topo.json" isHidden="false" isSchedulable="true" locale="en_US" title="comunas.topo.json"/>
        </ExportManifestProperty>
        <ExportManifestProperty>
            <EntityAcl>
                <entriesInheriting>true</entriesInheriting>
                <owner>admin</owner>
                <ownerType>USER</ownerType>
            </EntityAcl>
        </ExportManifestProperty>
    </ExportManifestEntity>
    <ExportManifestEntity path="D3Maps/resources/comunasv2.topo.json">
        <ExportManifestProperty>
            <EntityMetaData name="comunasv2.topo.json" createdDate="2018-10-29T16:12:01.463-03:00" isFolder="false" path="D3Maps/resources/comunasv2.topo.json" isHidden="false" isSchedulable="true" locale="en_US" title="comunasv2.topo.json"/>
        </ExportManifestProperty>
        <ExportManifestProperty>
            <EntityAcl>
                <entriesInheriting>true</entriesInheriting>
                <owner>admin</owner>
                <ownerType>USER</ownerType>
            </EntityAcl>
        </ExportManifestProperty>
    </ExportManifestEntity>
    <ExportManifestEntity path="D3Maps/resources/pretty-checkbox.min.css">
        <ExportManifestProperty>
            <EntityMetaData name="pretty-checkbox.min.css" createdDate="2018-11-05T18:06:15.671-03:00" isFolder="false" path="D3Maps/resources/pretty-checkbox.min.css" isHidden="true" isSchedulable="true" locale="en_US" title="pretty-checkbox.min.css"/>
        </ExportManifestProperty>
        <ExportManifestProperty>
            <EntityAcl>
                <entriesInheriting>true</entriesInheriting>
                <owner>admin</owner>
                <ownerType>USER</ownerType>
            </EntityAcl>
        </ExportManifestProperty>
    </ExportManifestEntity>
    <ExportManifestEntity path="D3Maps/resources/turf.min.js">
        <ExportManifestProperty>
            <EntityMetaData name="turf.min.js" createdDate="2018-11-06T12:22:21.255-03:00" isFolder="false" path="D3Maps/resources/turf.min.js" isHidden="true" isSchedulable="true" locale="en_US" title="turf.min.js"/>
        </ExportManifestProperty>
        <ExportManifestProperty>
            <EntityAcl>
                <entriesInheriting>true</entriesInheriting>
                <owner>admin</owner>
                <ownerType>USER</ownerType>
            </EntityAcl>
        </ExportManifestProperty>
    </ExportManifestEntity>
</ns2:ExportManifest>
